{
  "T2A_group_velocity": {
    "k0": [
      0.5,
      0.0
    ],
    "c": 0.5,
    "v_global_n": [
      0.4824374876688685,
      -3.5139762183800096e-07
    ],
    "speed_global_n": 0.48243748766899647,
    "v_tick": [
      0.48243748766886874,
      -3.513976213691998e-07
    ],
    "speed_tick": 0.48243748766899675,
    "v_analytic": [
      0.5,
      0.0
    ],
    "speed_analytic": 0.5,
    "rel_diff": 5.753196284504366e-16
  },
  "T2B_shapiro": {
    "phi_in": -0.014163618848021548,
    "phi_out": 0.003335338144481315,
    "c_in": 0.33983400799036245,
    "c_out": 0.41740221929507526,
    "c_ratio": 0.8141643534245866,
    "rate_in": -0.10008937715085921,
    "rate_out": -0.12293510116213917,
    "N_phase_in": -3.1859438249096494,
    "N_phase_out": -3.913145805891331,
    "tick_ratio": 0.8141643534245868,
    "rel_diff": 2.727270040638037e-16,
    "delta_tau_global": 37.16712931508268,
    "delta_tau_tick": -37.16712931508263
  },
  "T2C_redshift": {
    "phi_s": -0.014163618848021548,
    "c_0": 0.4,
    "z_tick": 0.1770452356002694,
    "z_algebraic_exact": 0.17704523560026933,
    "rel_diff": 4.703132878135472e-16,
    "gate": "EXACT \u2014 z_tick = \u22122\u03c6_s/c_0\u00b2 algebraically"
  }
}